{
  "Demo Partner A": {
    "account_id": 1,
    "account_name": "Demo Partner A",
    "balance": 50000000.0,
    "rate": 0.045,
    "series_stats": {
      "base_daily_yield": 6164.38,
      "mean_daily_yield": 6164.4,
      "std_daily_yield": 110.86,
      "signal_to_noise": 55.604,
      "history_days": 120
    },
    "results": [
      {
        "model_name": "ARIMA(1,1,1)",
        "mae": 147.49714799193768,
        "mape": 2.3898130013303738,
        "dir_acc": 0.45,
        "naive_loss_rate": 0.29333333333333333,
        "avg_forecast": 6247.600833211581,
        "final_30d_total": 187428.02499634743,
        "final_30d_naive": 183147.30000000002,
        "improvement_over_naive": -4280.724996347417,
        "rank": 1
      },
      {
        "model_name": "Naive (Persistence)",
        "mae": 176.42600000000004,
        "mape": 2.8564647751324834,
        "dir_acc": 0.4928571428571429,
        "naive_loss_rate": 0.0,
        "avg_forecast": 6260.03,
        "final_30d_total": 187800.9,
        "final_30d_naive": 183147.30000000002,
        "improvement_over_naive": -4653.599999999977,
        "rank": 2
      },
      {
        "model_name": "Holt (Double Exp Smoothing)",
        "mae": 203.94959187868227,
        "mape": 3.301393276780424,
        "dir_acc": 0.5357142857142857,
        "naive_loss_rate": 0.6133333333333333,
        "avg_forecast": 6334.3685542975645,
        "final_30d_total": 190031.05662892695,
        "final_30d_naive": 183147.30000000002,
        "improvement_over_naive": -6883.756628926931,
        "rank": 3
      }
    ],
    "winner": "ARIMA(1,1,1)"
  },
  "Demo Partner B": {
    "account_id": 2,
    "account_name": "Demo Partner B",
    "balance": 120000000.0,
    "rate": 0.0475,
    "series_stats": {
      "base_daily_yield": 15616.44,
      "mean_daily_yield": 15616.48,
      "std_daily_yield": 280.85,
      "signal_to_noise": 55.603,
      "history_days": 120
    },
    "results": [
      {
        "model_name": "ARIMA(1,1,1)",
        "mae": 373.66179794796943,
        "mape": 2.389828115723915,
        "dir_acc": 0.45,
        "naive_loss_rate": 0.29333333333333333,
        "avg_forecast": 15827.256763645906,
        "final_30d_total": 474817.70290937717,
        "final_30d_naive": 463973.4000000002,
        "improvement_over_naive": -10844.302909376973,
        "rank": 1
      },
      {
        "model_name": "Naive (Persistence)",
        "mae": 446.9494000000002,
        "mape": 2.8564873750536357,
        "dir_acc": 0.4928571428571429,
        "naive_loss_rate": 0.0,
        "avg_forecast": 15858.75,
        "final_30d_total": 475762.5,
        "final_30d_naive": 463973.4000000002,
        "improvement_over_naive": -11789.099999999802,
        "rank": 2
      },
      {
        "model_name": "Holt (Double Exp Smoothing)",
        "mae": 516.6748147688558,
        "mape": 3.301409191862991,
        "dir_acc": 0.5357142857142857,
        "naive_loss_rate": 0.6133333333333333,
        "avg_forecast": 16047.069107561398,
        "final_30d_total": 481412.0732268419,
        "final_30d_naive": 463973.4000000002,
        "improvement_over_naive": -17438.673226841725,
        "rank": 3
      }
    ],
    "winner": "ARIMA(1,1,1)"
  },
  "Demo Partner C": {
    "account_id": 3,
    "account_name": "Demo Partner C",
    "balance": 78000000.0,
    "rate": 0.044,
    "series_stats": {
      "base_daily_yield": 9402.74,
      "mean_daily_yield": 9402.76,
      "std_daily_yield": 169.1,
      "signal_to_noise": 55.603,
      "history_days": 120
    },
    "results": [
      {
        "model_name": "ARIMA(1,1,1)",
        "mae": 224.98434363319694,
        "mape": 2.389834711204685,
        "dir_acc": 0.45,
        "naive_loss_rate": 0.29333333333333333,
        "avg_forecast": 9529.677170421935,
        "final_30d_total": 285890.3151126581,
        "final_30d_naive": 279360.6,
        "improvement_over_naive": -6529.715112658101,
        "rank": 1
      },
      {
        "model_name": "Naive (Persistence)",
        "mae": 269.1107333333333,
        "mape": 2.856489102958517,
        "dir_acc": 0.4928571428571429,
        "naive_loss_rate": 0.0,
        "avg_forecast": 9548.640000000003,
        "final_30d_total": 286459.20000000007,
        "final_30d_naive": 279360.6,
        "improvement_over_naive": -7098.600000000093,
        "rank": 2
      },
      {
        "model_name": "Holt (Double Exp Smoothing)",
        "mae": 311.09317302638027,
        "mape": 3.3014150930294126,
        "dir_acc": 0.5357142857142857,
        "naive_loss_rate": 0.6133333333333333,
        "avg_forecast": 9662.027006907883,
        "final_30d_total": 289860.8102072365,
        "final_30d_naive": 279360.6,
        "improvement_over_naive": -10500.210207236523,
        "rank": 3
      }
    ],
    "winner": "ARIMA(1,1,1)"
  }
}